VslID,Berth,Cargo Type,Flag/Country Code,Foreign Coastal Indicator,Commodity Code,GRT,NRT,Dead Weight,ATA - Outer Roads,Actual Time of Arriv,Actual Date of Berthing,Actual Time of Berth,Actual Date of Unberthing,Actual Time of Unberthing,ATD - Outer Roads,Actual Time of Depar,PBD (Port),PBD (Non Port),PBD Total,SWB (TOTAL),TRT (TOTAL),NOR Date,NOR time,TRT NOR,PILOT BOARDING DATE,PILOT BOARDING TIME,PILOT UNBOARDING DATE,PILOT UNBOARDING TIME,TRT BOARDING & DEBOARDING,MT,Teus,MnthYear,Idle Hrs
1010304ZMA-N,SPM,Liquid Bulk,COOK ISLANDS,F,SPM CRUDE OTHERS,62775,34934,112969,07.04.2024,15:24:00,07.04.2024,17:18:00,09.04.2024,02:12:00,09.04.2024,05:00:00,00:00:00,00:00:00,00:00:00,32:54:00,37:36:00,07.04.2024,16:00:00,37:00:00,07.04.2024,16:00:00,09.04.2024,4:00:00,36:00:00,99769.307,,Apr-24,6.2
2010304MAKKA,NCB,Liquid Bulk,INDIA,C,MOTOR SPIRIT,1119,336,809,20.03.2024,11:25:00,20.03.2024,12:06:00,01.04.2024,20:54:00,01.04.2024,23:00:00,00:00:00,00:00:00,00:00:00,14:20:00,17:35:00,01.04.2024,6:00:00,17:35:00,20.03.2024,11:30:00,01.04.2024,22:00:00,17:35:00,570.428,,Apr-24,3.2
1110304MUHB-,V3,Containerised,SINGAPORE,F,CONTAINER,28592,14769,39396,04.04.2024,15:30:00,04.04.2024,17:30:00,05.04.2024,10:54:00,05.04.2024,12:55:00,00:00:00,00:00:00,00:00:00,17:24:00,21:25:00,04.04.2024,15:30:00,21:25:00,04.04.2024,16:00:00,05.04.2024,11:55:00,19:55:00,15697,1068,Apr-24,
6110304ENUTP,Q4,Liquid Bulk,MARSHALL ISLANDS,F,METHANOL,11707,6115,19802,31.03.2024,08:45:00,31.03.2024,20:33:00,01.04.2024,08:12:00,01.04.2024,11:00:00,10:25:00,00:00:00,10:25:00,11:39:00,26:15:00,31.03.2024,19:10:00,15:50:00,31.03.2024,19:10:00,01.04.2024,10:00:00,14:50:00,1647.646,,Apr-24,5.217
6210304LABOL,SCB,Liquid Bulk,LIBERIA,F,LIQUID AMMONIA,16823,5046,16686,27.03.2024,02:48:00,27.03.2024,16:00:00,07.04.2024,16:12:00,07.04.2024,18:45:00,12:00:00,00:00:00,12:00:00,42:03:00,56:03:00,27.03.2024,14:30:00,45:03:00,27.03.2024,14:48:00,07.04.2024,17:45:00,44:03:00,14954.16,,Apr-24,14.6
9210304ANIRA,Q7,Liquid Bulk,BAHAMAS,F,OIL CARBON BLACK FEED STOCK,40690,21230,72808,31.03.2024,07:54:00,31.03.2024,16:24:00,01.04.2024,20:48:00,01.04.2024,22:54:00,07:06:00,00:00:00,07:06:00,28:24:00,39:00:00,31.03.2024,15:00:00,31:54:00,31.03.2024,15:00:00,01.04.2024,21:54:00,30:54:00,12003.658,,Apr-24,9.167
4410304IVED-,MULT,Liquid Bulk,INDIA,F,LPG,46506,16040,53503,01.04.2024,13:24:00,01.04.2024,19:00:00,03.04.2024,07:06:00,03.04.2024,09:30:00,00:00:00,00:00:00,00:00:00,34:36:00,44:06:00,01.04.2024,17:54:00,39:36:00,01.04.2024,17:54:00,03.04.2024,8:30:00,38:36:00,7987.554,,Apr-24,9.7
4510304IRAVA,V3,Containerised,INDIA,C,CONTAINER,32901,13452,35481,31.03.2024,22:35:00,31.03.2024,23:45:00,01.04.2024,17:00:00,01.04.2024,18:50:00,00:00:00,00:00:00,00:00:00,17:15:00,20:15:00,31.03.2024,22:40:00,20:15:00,31.03.2024,22:40:00,01.04.2024,17:50:00,19:10:00,28251,1552,Apr-24,
5510304SSERP,V2,Containerised,INDIA,C,CONTAINER,18233,10564,26207,04.04.2024,04:00:00,04.04.2024,05:30:00,04.04.2024,23:12:00,05.04.2024,02:00:00,00:00:00,00:00:00,00:00:00,17:42:00,22:00:00,04.04.2024,4:00:00,22:00:00,04.04.2024,4:12:00,05.04.2024,1:00:00,20:48:00,18650,1176,Apr-24,
651030481-NI,NCB,Break Bulk,VIET NAM,F,ALUMINA IN JUMBO BAGS,4963,3084,8123,03.04.2024,10:45:00,03.04.2024,11:48:00,06.04.2024,18:40:00,06.04.2024,21:30:00,00:00:00,00:00:00,00:00:00,78:52:00,82:45:00,03.04.2024,10:48:00,82:42:00,03.04.2024,10:48:00,06.04.2024,20:30:00,81:42:00,5500,,Apr-24,23.868
7510304LARGO,V2,Containerised,INDIA,C,CONTAINER,36603,15610,45400,01.04.2024,13:24:00,02.04.2024,07:30:00,02.04.2024,22:42:00,03.04.2024,00:50:00,16:48:00,00:00:00,16:48:00,15:12:00,35:26:00,02.04.2024,6:00:00,18:50:00,02.04.2024,6:12:00,02.04.2024,23:50:00,17:38:00,26835,1637,Apr-24,
8510304I-NAM,SPM,Liquid Bulk,PANAMA,F,SPM CRUDE OTHERS,63462,34210,113553,30.03.2024,05:45:00,30.03.2024,08:12:00,01.04.2024,18:30:00,01.04.2024,21:15:00,00:00:00,00:00:00,00:00:00,58:18:00,63:30:00,30.03.2024,6:30:00,62:45:00,30.03.2024,6:30:00,01.04.2024,20:15:00,61:45:00,99994.196,,Apr-24,8.4
1000404113-I,V3,Containerised,SINGAPORE,F,CONTAINER,27800,12621,32937,01.04.2024,14:24:00,02.04.2024,19:48:00,03.04.2024,07:34:00,03.04.2024,09:45:00,28:06:00,00:00:00,28:06:00,11:46:00,43:21:00,02.04.2024,18:30:00,15:15:00,02.04.2024,18:30:00,03.04.2024,8:45:00,14:15:00,9464,832,Apr-24,
2000404AIRDN,V3,Containerised,LIBERIA,C,CONTAINER,21842,9251,28630,03.04.2024,17:55:00,03.04.2024,19:06:00,04.04.2024,15:00:00,04.04.2024,17:00:00,00:00:00,00:00:00,00:00:00,19:54:00,23:05:00,03.04.2024,18:00:00,23:00:00,03.04.2024,18:00:00,04.04.2024,16:00:00,22:00:00,25514,1935,Apr-24,
3000404DNANA,V3,Containerised,INDIA,C,CONTAINER,20815,9599,28474,06.04.2024,03:50:00,06.04.2024,04:58:00,07.04.2024,07:24:00,07.04.2024,09:20:00,00:00:00,00:00:00,00:00:00,26:26:00,29:30:00,06.04.2024,4:00:00,29:20:00,06.04.2024,4:00:00,07.04.2024,8:20:00,28:20:00,29539,1590,Apr-24,
4000404ARYE-,V2,Containerised,PANAMA,F,CONTAINER,21586,7164,21370,07.04.2024,04:30:00,07.04.2024,06:36:00,07.04.2024,14:48:00,07.04.2024,16:54:00,00:00:00,00:00:00,00:00:00,08:12:00,12:24:00,07.04.2024,4:51:00,12:03:00,07.04.2024,5:00:00,07.04.2024,15:54:00,10:54:00,10604,953,Apr-24,
7000404EGARU,Q4,Liquid Bulk,INDIA,C,DIESEL HIGH SPEED,27829,13084,47791,01.04.2024,13:50:00,01.04.2024,16:12:00,03.04.2024,09:30:00,03.04.2024,11:45:00,00:00:00,00:00:00,00:00:00,41:18:00,45:55:00,01.04.2024,14:36:00,45:09:00,01.04.2024,14:36:00,03.04.2024,10:45:00,44:09:00,16268.42,,Apr-24,10.2
2100404TARAH,V3,Containerised,INDIA,C,CONTAINER,29383,16583,34769,07.04.2024,15:55:00,07.04.2024,18:24:00,08.04.2024,14:48:00,08.04.2024,17:10:00,00:00:00,00:00:00,00:00:00,20:24:00,25:15:00,07.04.2024,16:00:00,25:10:00,07.04.2024,16:00:00,08.04.2024,16:10:00,24:10:00,28735,1908,Apr-24,
3100404215-I,V3,Containerised,SINGAPORE,F,CONTAINER,47259,20964,57830,08.04.2024,14:20:00,09.04.2024,19:12:00,10.04.2024,09:24:00,10.04.2024,11:35:00,28:00:00,00:00:00,28:00:00,14:12:00,45:15:00,09.04.2024,18:00:00,17:35:00,09.04.2024,18:20:00,10.04.2024,10:35:00,16:15:00,12074,1045,Apr-24,
4100404ECARB,V3,Containerised,PANAMA,F,CONTAINER,32691,12184,29688,10.04.2024,22:10:00,10.04.2024,23:36:00,11.04.2024,12:30:00,11.04.2024,15:00:00,00:00:00,00:00:00,00:00:00,12:54:00,16:50:00,10.04.2024,22:30:00,16:30:00,10.04.2024,22:30:00,11.04.2024,14:00:00,15:30:00,18861,1466,Apr-24,
5100404ENIRT,Q9,Break Bulk,ANTIGUA AND BARBUDA,F,PROJECT CARGO,12838,5968,14848,13.04.2024,11:25:00,14.04.2024,12:35:00,15.04.2024,23:15:00,16.04.2024,01:40:00,23:35:00,00:00:00,23:35:00,34:40:00,62:15:00,14.04.2024,11:00:00,38:40:00,14.04.2024,11:00:00,16.04.2024,0:40:00,37:40:00,499.032,,Apr-24,13.85
6100404IREVA,V3,Containerised,INDIA,F,CONTAINER,27104,11856,33704,05.04.2024,11:55:00,05.04.2024,13:06:00,06.04.2024,00:01:00,06.04.2024,02:30:00,00:00:00,00:00:00,00:00:00,10:55:00,14:35:00,05.04.2024,11:56:00,14:34:00,05.04.2024,12:00:00,06.04.2024,1:30:00,13:30:00,8716,570,Apr-24,
7100404ILANA,V2,Containerised,INDIA,C,CONTAINER,35581,19407,44135,05.04.2024,03:05:00,05.04.2024,04:42:00,05.04.2024,20:24:00,05.04.2024,22:35:00,00:00:00,00:00:00,00:00:00,15:42:00,19:30:00,05.04.2024,3:06:00,19:29:00,05.04.2024,3:15:00,05.04.2024,21:35:00,18:20:00,8072,1190,Apr-24,
8100404MSIRP,V2,Containerised,MARSHALL ISLANDS,F,CONTAINER,26412,13016,34171,09.04.2024,21:12:00,09.04.2024,22:42:00,10.04.2024,06:54:00,10.04.2024,09:30:00,00:00:00,00:00:00,00:00:00,08:12:00,12:18:00,09.04.2024,21:33:00,11:57:00,09.04.2024,21:42:00,10.04.2024,8:30:00,10:48:00,4215,352,Apr-24,
9100404EERAN,BTP,Dry Bulk Mechanical,SINGAPORE,C,CEMENT,15198,5541,21150,08.04.2024,14:45:00,08.04.2024,16:48:00,10.04.2024,18:18:00,10.04.2024,20:20:00,00:00:00,00:00:00,00:00:00,49:30:00,53:35:00,08.04.2024,15:15:00,53:05:00,08.04.2024,15:15:00,10.04.2024,19:20:00,52:05:00,19965.026,,Apr-24,7.75
0200404MAKKA,NCB,Liquid Bulk,INDIA,C,MOTOR SPIRIT,1119,336,809,05.04.2024,09:10:00,05.04.2024,09:36:00,13.04.2024,20:48:00,13.04.2024,22:45:00,00:00:00,00:00:00,00:00:00,11:20:00,15:18:00,13.04.2024,7:35:00,15:18:00,05.04.2024,9:15:00,13.04.2024,21:45:00,15:18:00,550.822,,Apr-24,4.15
1200404KROTS,Q10,Dry Bulk Mechanical,BAHAMAS,F,ROCK PHOSPHATE,24725,13677,40481,10.04.2024,10:00:00,12.04.2024,17:48:00,20.04.2024,19:20:00,20.04.2024,21:50:00,54:24:00,00:00:00,0:00:00,193:32:00,196:43:00,12.04.2024,16:24:00,196:40:00,12.04.2024,16:24:00,20.04.2024,20:50:00,196:26:00,37370.025,,Apr-24,46.9
2200404MANTA,V2,Containerised,INDIA,C,CONTAINER,18602,9382,24376,05.04.2024,12:49:00,05.04.2024,22:54:00,06.04.2024,15:48:00,06.04.2024,18:00:00,08:51:00,00:00:00,08:51:00,16:54:00,29:11:00,05.04.2024,19:00:00,23:00:00,05.04.2024,21:40:00,06.04.2024,17:00:00,19:20:00,25864,1411,Apr-24,
3200404IVED-,MULT,Liquid Bulk,INDIA,F,LPG,46506,16040,53503,08.04.2024,15:48:00,21.04.2024,06:48:00,23.04.2024,23:12:00,24.04.2024,01:50:00,00:00:00,00:00:00,00:00:00,65:03:00,67:30:00,21.04.2024,5:30:00,67:30:00,21.04.2024,5:30:00,24.04.2024,0:48:00,67:18:00,6162.413,,Apr-24,43.05
6200404HSAKA,BTP,Liquid Bulk,INDIA,C,AVIATION TURBO FUEL,29268,11926,46955,05.04.2024,23:45:00,06.04.2024,08:12:00,07.04.2024,09:00:00,07.04.2024,11:30:00,06:45:00,00:00:00,06:45:00,24:48:00,35:45:00,06.04.2024,6:30:00,29:00:00,06.04.2024,6:30:00,07.04.2024,10:30:00,28:00:00,8710.715,,Apr-24,10.3
8200404TENNO,COT,Liquid Bulk,INDIA,C,DIESEL HIGH SPEED,56854,22758,99999,08.04.2024,11:45:00,08.04.2024,13:36:00,10.04.2024,10:00:00,10.04.2024,12:20:00,00:00:00,00:00:00,00:00:00,44:24:00,48:35:00,08.04.2024,12:15:00,48:05:00,08.04.2024,12:24:00,10.04.2024,11:20:00,46:56:00,64104.837,,Apr-24,8.1
9200404ENIP-,MULT,Liquid Bulk,INDIA,F,LPG,45812,13744,53010,06.04.2024,09:45:00,06.04.2024,11:42:00,08.04.2024,01:00:00,08.04.2024,03:24:00,00:00:00,00:00:00,00:00:00,36:00:00,41:39:00,06.04.2024,10:24:00,41:00:00,06.04.2024,10:24:00,08.04.2024,2:24:00,40:00:00,7593.706,,Apr-24,11.7
0300404NOTLI,SPM,Liquid Bulk,MARSHALL ISLANDS,F,SPM CRUDE MIDDLE EAST,81384,52396,158099,05.04.2024,15:25:00,05.04.2024,17:00:00,07.04.2024,13:30:00,07.04.2024,16:00:00,00:00:00,00:00:00,00:00:00,44:30:00,48:35:00,05.04.2024,16:00:00,48:00:00,05.04.2024,16:00:00,07.04.2024,15:00:00,47:00:00,130778.778,,Apr-24,19.4
1300404DNOMA,V2,Containerised,SINGAPORE,F,CONTAINER,29060,14422,39598,11.04.2024,07:30:00,11.04.2024,09:36:00,11.04.2024,16:24:00,11.04.2024,19:00:00,00:00:00,00:00:00,00:00:00,06:48:00,11:30:00,11.04.2024,8:00:00,11:00:00,11.04.2024,8:35:00,11.04.2024,18:00:00,9:25:00,4932,343,Apr-24,
2300404ANELA,V2,Containerised,MALDIVES,F,CONTAINER,7406,3859,10643,08.04.2024,15:45:00,08.04.2024,17:38:00,09.04.2024,08:15:00,09.04.2024,10:45:00,00:00:00,00:00:00,00:00:00,14:37:00,19:00:00,08.04.2024,16:06:00,18:39:00,08.04.2024,16:15:00,09.04.2024,9:45:00,17:30:00,7560,373,Apr-24,
3300404EROPA,V3,Containerised,CYPRUS,F,CONTAINER,74651,43151,76980,22.04.2024,14:00:00,22.04.2024,15:42:00,23.04.2024,02:48:00,23.04.2024,05:40:00,00:00:00,00:00:00,00:00:00,11:06:00,15:40:00,22.04.2024,14:03:00,15:37:00,22.04.2024,14:12:00,23.04.2024,4:40:00,14:28:00,9641,907,Apr-24,
5300404TARAJ,V2,Containerised,INDIA,C,CONTAINER,18602,9382,24365,10.04.2024,08:30:00,10.04.2024,12:15:00,11.04.2024,00:12:00,11.04.2024,02:45:00,02:15:00,00:00:00,02:15:00,11:57:00,18:15:00,10.04.2024,10:00:00,16:45:00,10.04.2024,10:45:00,11.04.2024,1:45:00,15:00:00,16275,954,Apr-24,
7300404IREVA,V3,Containerised,INDIA,C,CONTAINER,30024,12626,35971,09.04.2024,05:00:00,09.04.2024,07:36:00,09.04.2024,17:18:00,09.04.2024,19:10:00,01:36:00,00:00:00,01:36:00,09:42:00,14:10:00,09.04.2024,6:00:00,13:10:00,09.04.2024,6:36:00,09.04.2024,18:10:00,11:34:00,15618,811,Apr-24,
8300404ARORU,Q10,Liquid Bulk,VIET NAM,C,SULPHURIC ACID,11925,6100,19991,09.04.2024,23:30:00,10.04.2024,01:12:00,11.04.2024,01:54:00,11.04.2024,04:30:00,00:00:00,00:00:00,00:00:00,24:42:00,29:00:00,09.04.2024,23:54:00,28:36:00,09.04.2024,23:54:00,11.04.2024,3:30:00,27:36:00,12598.173,,Apr-24,7.117
9300404SSERP,V2,Containerised,INDIA,C,CONTAINER,18233,10564,26207,12.04.2024,06:40:00,12.04.2024,08:00:00,13.04.2024,12:54:00,13.04.2024,15:00:00,00:00:00,00:00:00,00:00:00,28:54:00,32:20:00,12.04.2024,6:42:00,32:18:00,12.04.2024,6:45:00,13.04.2024,14:00:00,31:15:00,26911,1498,Apr-24,
0400404URBAK,V2,Containerised,SINGAPORE,F,CONTAINER,31368,11532,36977,14.04.2024,15:25:00,14.04.2024,16:48:00,15.04.2024,05:00:00,15.04.2024,06:50:00,00:00:00,00:00:00,00:00:00,12:12:00,15:25:00,14.04.2024,15:39:00,15:11:00,14.04.2024,15:48:00,15.04.2024,5:50:00,14:02:00,18183,1274,Apr-24,
1400404MUHB-,V3,Containerised,SINGAPORE,F,CONTAINER,28592,14769,39396,20.04.2024,12:00:00,20.04.2024,15:18:00,21.04.2024,04:24:00,21.04.2024,06:30:00,02:12:00,00:00:00,02:12:00,13:06:00,18:30:00,20.04.2024,13:42:00,18:00:00,20.04.2024,14:12:00,21.04.2024,7:50:00,17:38:00,14272,1377,Apr-24,
2400404DNANA,V2,Containerised,INDIA,C,CONTAINER,20815,9599,28474,15.04.2024,00:05:00,15.04.2024,07:12:00,15.04.2024,21:36:00,16.04.2024,00:00:00,05:49:00,00:00:00,05:49:00,14:24:00,22:55:00,15.04.2024,4:00:00,20:00:00,15.04.2024,5:54:00,15.04.2024,23:00:00,17:06:00,13307,469,Apr-24,
5400404I-ARA,SPM,Liquid Bulk,M1,F,SPM CRUDE MIDDLE EAST,82605,52005,156975,09.04.2024,05:45:00,09.04.2024,07:36:00,10.04.2024,22:12:00,11.04.2024,01:15:00,00:00:00,00:00:00,00:00:00,38:36:00,43:30:00,09.04.2024,6:30:00,42:45:00,09.04.2024,6:35:00,11.04.2024,0:15:00,41:40:00,139988.121,,Apr-24,4.2
1500404SWOLL,COT,Liquid Bulk,INDIA,C,MOTOR SPIRIT,28098,11645,45887,10.04.2024,12:30:00,10.04.2024,14:54:00,12.04.2024,01:36:00,12.04.2024,04:05:00,00:00:00,00:00:00,00:00:00,34:42:00,39:35:00,10.04.2024,13:00:00,39:05:00,10.04.2024,13:18:00,12.04.2024,3:00:00,37:42:00,38049.366,,Apr-24,7.517
2500404ROOTN,COT,Liquid Bulk,INDIA,C,MOTOR SPIRIT,28552,12369,47141,13.04.2024,10:00:00,13.04.2024,12:06:00,14.04.2024,12:00:00,14.04.2024,13:40:00,00:00:00,00:00:00,00:00:00,23:54:00,27:40:00,13.04.2024,10:24:00,27:16:00,13.04.2024,10:24:00,14.04.2024,12:40:00,26:16:00,9549.563,,Apr-24,6.2
3500404IHAM-,V3,Containerised,INDIA,C,CONTAINER,30047,12671,35767,12.04.2024,02:55:00,12.04.2024,04:30:00,12.04.2024,20:00:00,12.04.2024,22:50:00,00:00:00,00:00:00,00:00:00,15:30:00,19:55:00,12.04.2024,2:57:00,19:53:00,12.04.2024,3:00:00,12.04.2024,20:50:00,17:50:00,8042,1554,Apr-24,
4500404ANHSI,V3,Containerised,INDIA,F,CONTAINER,27322,12616,34608,12.04.2024,15:48:00,12.04.2024,22:00:00,13.04.2024,04:30:00,13.04.2024,06:30:00,05:12:00,00:00:00,05:12:00,06:30:00,14:42:00,12.04.2024,19:00:00,11:30:00,12.04.2024,21:00:00,13.04.2024,5:30:00,8:30:00,5002,366,Apr-24,
5500404IABMU,V3,Containerised,INDIA,C,CONTAINER,18602,9382,24374,12.04.2024,17:42:00,13.04.2024,06:42:00,13.04.2024,23:42:00,14.04.2024,01:30:00,11:54:00,00:00:00,11:54:00,17:00:00,31:48:00,13.04.2024,4:00:00,21:30:00,13.04.2024,5:36:00,14.04.2024,0:30:00,18:54:00,24177,1488,Apr-24,
7500404NOISI,SPM,Liquid Bulk,ANTIGUA AND BARBUDA,F,SPM CRUDE OTHERS,78845,46852,149994,11.04.2024,07:24:00,11.04.2024,09:24:00,21.04.2024,09:48:00,21.04.2024,12:30:00,00:00:00,00:00:00,00:00:00,45:00:00,49:07:00,11.04.2024,6:30:00,49:00:00,11.04.2024,7:36:00,21.04.2024,11:30:00,49:00:00,139827.162,,Apr-24,11.35
1600404SAG-N,MULT,Liquid Bulk,PANAMA,F,LPG,47072,15845,54517,15.04.2024,08:30:00,15.04.2024,10:30:00,18.04.2024,21:12:00,18.04.2024,23:45:00,00:00:00,00:00:00,00:00:00,83:45:00,87:15:00,15.04.2024,9:00:00,86:45:00,15.04.2024,9:00:00,18.04.2024,22:45:00,85:45:00,10882.275,,Apr-24,49.2
3600404IRAVA,V3,Containerised,INDIA,C,CONTAINER,32901,13452,35481,14.04.2024,16:24:00,14.04.2024,23:12:00,15.04.2024,17:54:00,15.04.2024,20:05:00,05:54:00,00:00:00,05:54:00,18:42:00,27:41:00,14.04.2024,22:18:00,21:00:00,14.04.2024,22:18:00,15.04.2024,19:05:00,20:47:00,22456,1220,Apr-24,
4600404ARYE-,V3,Containerised,PANAMA,F,CONTAINER,21586,7164,21370,15.04.2024,19:05:00,15.04.2024,20:24:00,16.04.2024,05:12:00,16.04.2024,07:00:00,00:00:00,00:00:00,00:00:00,08:48:00,11:55:00,15.04.2024,19:08:00,11:52:00,15.04.2024,19:10:00,16.04.2024,6:00:00,10:50:00,8592,830,Apr-24,
5600404REHTA,NTB,Liquid Bulk,INDIA,C,OIL FURNACE OIL,22184,9677,35198,12.04.2024,14:48:00,13.04.2024,08:06:00,16.04.2024,01:00:00,16.04.2024,03:15:00,15:06:00,00:00:00,15:06:00,64:54:00,84:27:00,12.04.2024,16:00:00,83:15:00,13.04.2024,5:54:00,16.04.2024,2:15:00,68:21:00,9505.544,,Apr-24,29.917
9600404ENHPA,V3,Containerised,LIBERIA,F,CONTAINER,35881,14444,41748,14.04.2024,00:05:00,14.04.2024,01:30:00,14.04.2024,08:42:00,14.04.2024,10:45:00,00:00:00,00:00:00,00:00:00,07:12:00,10:40:00,14.04.2024,0:30:00,10:15:00,14.04.2024,0:30:00,14.04.2024,9:45:00,9:15:00,3472,223,Apr-24,
0700404AHSIR,Q4,Liquid Bulk,LIBERIA,F,METHANOL,11320,4961,16225,15.04.2024,02:20:00,17.04.2024,14:36:00,19.04.2024,10:54:00,19.04.2024,13:00:00,59:25:00,00:00:00,0:00:00,44:18:00,46:25:00,17.04.2024,13:06:00,46:20:00,17.04.2024,13:45:00,19.04.2024,12:00:00,46:15:00,10002.605,,Apr-24,8.533
2700404IVRAH,SPM,Liquid Bulk,PANAMA,F,SPM CRUDE OTHERS,82647,46578,152013,12.04.2024,15:30:00,12.04.2024,18:00:00,14.04.2024,11:30:00,14.04.2024,14:00:00,00:00:00,00:00:00,00:00:00,41:30:00,46:30:00,12.04.2024,16:00:00,46:00:00,12.04.2024,16:00:00,14.04.2024,13:00:00,45:00:00,139529.281,,Apr-24,5.5
3700404PHSUP,NTB,Liquid Bulk,INDIA,C,DIESEL HIGH SPEED,29845,12971,47795,13.04.2024,11:42:00,13.04.2024,19:18:00,14.04.2024,18:42:00,29.04.2024,23:55:00,06:33:00,00:00:00,06:33:00,20:00:00,29:03:00,13.04.2024,17:15:00,24:30:00,13.04.2024,18:15:00,29.04.2024,23:00:00,23:00:00,5534.366,,Apr-24,10.5
4700404ILANA,V3,Containerised,INDIA,C,CONTAINER,35581,19407,44135,16.04.2024,06:00:00,16.04.2024,07:12:00,16.04.2024,19:12:00,16.04.2024,21:15:00,00:00:00,00:00:00,00:00:00,12:00:00,15:15:00,16.04.2024,6:00:00,15:15:00,16.04.2024,6:12:00,16.04.2024,20:15:00,14:03:00,19729,950,Apr-24,
5700404IHKNA,COT,Liquid Bulk,INDIA,C,DIESEL HIGH SPEED,27627,12769,46345,14.04.2024,08:12:00,15.04.2024,16:54:00,17.04.2024,03:30:00,17.04.2024,06:00:00,31:28:00,00:00:00,31:28:00,34:36:00,69:48:00,14.04.2024,15:00:00,63:00:00,15.04.2024,15:40:00,17.04.2024,5:00:00,37:20:00,39952.087,,Apr-24,8
6700404105-I,V3,Containerised,SINGAPORE,F,CONTAINER,42532,19125,52146,16.04.2024,11:40:00,16.04.2024,21:24:00,17.04.2024,10:18:00,17.04.2024,12:15:00,08:35:00,00:00:00,08:35:00,12:54:00,24:35:00,16.04.2024,19:00:00,17:15:00,16.04.2024,20:15:00,17.04.2024,11:15:00,15:00:00,9558,857,Apr-24,
7700404LARGO,V3,Containerised,INDIA,C,CONTAINER,36603,15610,45400,19.04.2024,11:20:00,19.04.2024,13:24:00,20.04.2024,13:00:00,20.04.2024,15:06:00,00:00:00,00:00:00,00:00:00,23:36:00,27:46:00,19.04.2024,12:00:00,27:06:00,19.04.2024,12:05:00,20.04.2024,14:06:00,26:01:00,10621,1437,Apr-24,
8700404YROLG,NCB,Break Bulk,SINGAPORE,F,ALUMINA IN JUMBO BAGS,8974,3664,12355,19.04.2024,03:20:00,19.04.2024,05:00:00,23.04.2024,19:36:00,23.04.2024,21:45:00,00:00:00,00:00:00,00:00:00,110:36:00,113:25:00,19.04.2024,3:28:00,113:20:00,19.04.2024,3:30:00,23.04.2024,20:45:00,113:15:00,10500.336,,Apr-24,30.003
9700404NATHS,LNG,Liquid Bulk,LIBERIA,F,LIQUIFIED NATURAL GAS,116703,35010,73100,20.04.2024,05:15:00,20.04.2024,07:30:00,21.04.2024,08:12:00,21.04.2024,10:30:00,00:00:00,00:00:00,00:00:00,24:42:00,29:15:00,20.04.2024,5:20:00,29:10:00,20.04.2024,5:20:00,21.04.2024,9:30:00,28:10:00,61248.31,,Apr-24,
1800404AIRDN,V2,Containerised,LIBERIA,C,CONTAINER,21842,9251,28630,13.04.2024,13:20:00,13.04.2024,15:30:00,14.04.2024,14:54:00,14.04.2024,16:45:00,00:00:00,00:00:00,00:00:00,23:24:00,27:25:00,13.04.2024,13:56:00,26:49:00,13.04.2024,14:05:00,14.04.2024,15:45:00,25:40:00,26898,2009,Apr-24,
5800404EGARU,Q4,Liquid Bulk,INDIA,C,MOTOR SPIRIT,27829,13084,47791,14.04.2024,07:45:00,14.04.2024,11:06:00,16.04.2024,08:12:00,16.04.2024,10:25:00,02:03:00,00:00:00,02:03:00,45:06:00,50:40:00,14.04.2024,9:48:00,48:37:00,14.04.2024,9:48:00,16.04.2024,9:25:00,47:37:00,15629.96,,Apr-24,15.6
7800404YRAME,Q4,Liquid Bulk,HONG KONG,C,DIESEL HIGH SPEED,29211,11658,44428,14.04.2024,20:54:00,16.04.2024,10:36:00,17.04.2024,11:54:00,17.04.2024,14:40:00,36:36:00,00:00:00,36:36:00,25:18:00,65:46:00,16.04.2024,9:30:00,29:10:00,16.04.2024,9:30:00,17.04.2024,13:40:00,28:10:00,4667.745,,Apr-24,9.1
8800404ONIRO,NTB,Liquid Bulk,DENMARK,F,NAFTHA LOW AREATED,29609,13788,49667,14.04.2024,22:00:00,16.04.2024,04:00:00,18.04.2024,02:18:00,18.04.2024,05:00:00,28:20:00,00:00:00,28:20:00,46:18:00,79:00:00,15.04.2024,12:00:00,65:00:00,16.04.2024,2:20:00,18.04.2024,4:00:00,49:40:00,26182.2,,Apr-24,9.8
9800404ASOLA,SPM,Liquid Bulk,PANAMA,F,SPM CRUDE OTHERS,81463,52045,159438,15.04.2024,15:30:00,15.04.2024,17:30:00,16.04.2024,18:48:00,16.04.2024,21:36:00,00:00:00,00:00:00,00:00:00,25:18:00,30:06:00,15.04.2024,16:00:00,29:36:00,15.04.2024,16:00:00,16.04.2024,20:36:00,28:36:00,99422.402,,Apr-24,4
0900404ECARB,V2,Containerised,PANAMA,F,CONTAINER,32691,12184,29688,20.04.2024,16:30:00,20.04.2024,18:30:00,21.04.2024,16:24:00,21.04.2024,18:30:00,00:00:00,00:00:00,00:00:00,21:54:00,26:00:00,20.04.2024,16:57:00,25:33:00,20.04.2024,17:06:00,21.04.2024,17:30:00,24:24:00,21898,1570,Apr-24,
2900404AHSIA,SPM,Liquid Bulk,ANTIGUA AND BARBUDA,F,SPM CRUDE OTHERS,81270,52045,159385,18.04.2024,11:30:00,18.04.2024,12:54:00,20.04.2024,09:24:00,20.04.2024,12:30:00,00:00:00,00:00:00,00:00:00,44:30:00,49:00:00,18.04.2024,12:00:00,48:30:00,18.04.2024,12:00:00,20.04.2024,11:30:00,47:30:00,139335.4,,Apr-24,4.6
3900404MAKKA,NCB,Liquid Bulk,INDIA,C,DIESEL HIGH SPEED,1119,336,809,17.04.2024,11:05:00,17.04.2024,11:50:00,20.04.2024,21:00:00,20.04.2024,22:25:00,00:00:00,00:00:00,00:00:00,81:10:00,83:20:00,17.04.2024,11:15:00,83:10:00,17.04.2024,11:15:00,20.04.2024,21:25:00,82:10:00,567.597,,Apr-24,2.3
7900404RAVOR,NTB,Liquid Bulk,INDIA,C,OIL FURNACE OIL,22848,9242,35438,17.04.2024,05:50:00,17.04.2024,07:36:00,19.04.2024,09:48:00,19.04.2024,12:10:00,00:00:00,00:00:00,00:00:00,50:12:00,54:20:00,17.04.2024,6:30:00,53:40:00,17.04.2024,6:30:00,19.04.2024,11:10:00,52:40:00,10005.295,,Apr-24,26.4
8900404SSERG,V3,Containerised,SINGAPORE,F,CONTAINER,32200,12580,39089,26.04.2024,05:30:00,26.04.2024,07:18:00,26.04.2024,19:00:00,26.04.2024,21:10:00,00:00:00,00:00:00,00:00:00,11:42:00,15:40:00,26.04.2024,5:51:00,15:19:00,26.04.2024,6:00:00,26.04.2024,20:10:00,14:10:00,13271,1129,Apr-24,
1010404SSERP,V2,Containerised,INDIA,C,CONTAINER,18233,10564,26207,22.04.2024,05:00:00,22.04.2024,07:18:00,22.04.2024,21:24:00,22.04.2024,23:45:00,00:00:00,00:00:00,00:00:00,14:06:00,18:45:00,22.04.2024,5:45:00,18:00:00,22.04.2024,5:54:00,22.04.2024,22:45:00,16:51:00,21471,1112,Apr-24,
2010404IANNE,V3,Containerised,INDIA,C,CONTAINER,43679,21391,57813,20.04.2024,08:36:00,21.04.2024,07:09:00,22.04.2024,11:18:00,22.04.2024,13:30:00,21:09:00,00:00:00,21:09:00,28:09:00,52:54:00,20.04.2024,23:00:00,38:30:00,21.04.2024,5:45:00,22.04.2024,12:30:00,30:45:00,27204,2160,Apr-24,
3010404MANTA,V2,Containerised,INDIA,C,CONTAINER,18602,9382,24376,19.04.2024,10:30:00,19.04.2024,12:15:00,20.04.2024,16:00:00,20.04.2024,18:00:00,00:00:00,00:00:00,00:00:00,27:45:00,31:30:00,19.04.2024,11:00:00,31:00:00,19.04.2024,11:12:00,20.04.2024,17:00:00,29:48:00,25115,1422,Apr-24,
4010404EERAN,BTP,Dry Bulk Mechanical,SINGAPORE,C,CEMENT,15198,5541,21136,21.04.2024,09:42:00,22.04.2024,10:36:00,24.04.2024,09:18:00,24.04.2024,11:30:00,23:54:00,00:00:00,23:54:00,46:42:00,73:48:00,22.04.2024,9:36:00,49:54:00,22.04.2024,9:36:00,24.04.2024,10:30:00,48:54:00,20012.025,,Apr-24,5.7
5010404IHAM-,V3,Containerised,INDIA,C,CONTAINER,30047,12671,35767,23.04.2024,15:18:00,23.04.2024,17:24:00,24.04.2024,10:18:00,24.04.2024,13:00:00,00:00:00,00:00:00,00:00:00,16:54:00,21:42:00,23.04.2024,16:00:00,21:00:00,23.04.2024,16:30:00,24.04.2024,12:00:00,19:30:00,17888,1552,Apr-24,
6010404TARAH,V2,Containerised,INDIA,C,CONTAINER,29383,16583,34769,25.04.2024,16:30:00,25.04.2024,18:24:00,27.04.2024,02:54:00,27.04.2024,05:15:00,00:00:00,00:00:00,00:00:00,32:30:00,36:45:00,25.04.2024,17:06:00,36:09:00,25.04.2024,17:06:00,27.04.2024,4:15:00,35:09:00,19982,1763,Apr-24,
7010404IREVA,V3,Containerised,INDIA,C,CONTAINER,30024,12626,35971,26.04.2024,20:00:00,26.04.2024,21:24:00,27.04.2024,09:42:00,27.04.2024,11:45:00,00:00:00,00:00:00,00:00:00,12:18:00,15:45:00,26.04.2024,20:03:00,15:42:00,26.04.2024,20:12:00,27.04.2024,10:45:00,14:33:00,7743,886,Apr-24,
8010404IREVA,V2,Containerised,INDIA,F,CONTAINER,27104,11856,33704,27.04.2024,00:18:00,27.04.2024,05:36:00,27.04.2024,17:42:00,27.04.2024,20:00:00,04:00:00,00:00:00,04:00:00,12:06:00,19:42:00,27.04.2024,4:09:00,15:51:00,27.04.2024,4:18:00,27.04.2024,19:00:00,14:42:00,8330,596,Apr-24,
4110404RAWDI,BTP,Liquid Bulk,INDIA,C,OIL FURNACE OIL,22181,9498,35024,20.04.2024,18:00:00,21.04.2024,10:48:00,22.04.2024,08:18:00,22.04.2024,10:30:00,15:42:00,00:00:00,15:42:00,21:30:00,40:30:00,21.04.2024,9:42:00,24:48:00,21.04.2024,9:42:00,22.04.2024,9:30:00,23:48:00,3023.768,,Apr-24,12.2
5110404ARYE-,V3,Containerised,PANAMA,F,CONTAINER,21586,7164,21370,27.04.2024,10:00:00,27.04.2024,12:06:00,28.04.2024,00:18:00,28.04.2024,02:30:00,00:00:00,00:00:00,00:00:00,12:12:00,16:30:00,27.04.2024,10:39:00,15:51:00,27.04.2024,10:48:00,28.04.2024,1:30:00,14:42:00,9097,973,Apr-24,
6110404III-E,V2,Containerised,LIBERIA,F,CONTAINER,30047,12671,35768,21.04.2024,17:20:00,21.04.2024,18:42:00,22.04.2024,05:24:00,22.04.2024,06:52:00,00:00:00,00:00:00,00:00:00,10:42:00,13:32:00,21.04.2024,17:31:00,13:21:00,21.04.2024,17:31:00,22.04.2024,5:52:00,12:21:00,5047,876,Apr-24,
7110404ATSED,SPM,Liquid Bulk,LIBERIA,F,SPM CRUDE MIDDLE EAST,161632,110520,319180,22.04.2024,07:00:00,22.04.2024,09:12:00,24.04.2024,20:42:00,24.04.2024,23:30:00,00:00:00,00:00:00,00:00:00,59:30:00,64:30:00,22.04.2024,7:36:00,63:54:00,22.04.2024,7:36:00,24.04.2024,22:30:00,62:54:00,265146.554,,Apr-24,4.8
8110404NEVAR,BTP,Liquid Bulk,SINGAPORE,C,OIL FURNACE OIL,29765,13760,49999,24.04.2024,10:00:00,24.04.2024,11:48:00,25.04.2024,11:48:00,25.04.2024,14:00:00,00:00:00,00:00:00,00:00:00,24:00:00,28:00:00,24.04.2024,10:00:00,28:00:00,24.04.2024,10:35:00,25.04.2024,13:00:00,26:25:00,8261.669,,Apr-24,7.7
4210404ENUTP,Q4,Liquid Bulk,MARSHALL ISLANDS,F,METHANOL,11707,6115,19802,24.04.2024,15:00:00,25.04.2024,10:30:00,25.04.2024,20:05:00,25.04.2024,22:45:00,17:24:00,00:00:00,17:24:00,09:35:00,31:45:00,24.04.2024,20:00:00,26:45:00,25.04.2024,8:24:00,25.04.2024,21:45:00,13:21:00,998.728,,Apr-24,5.5
7210404NOBRU,Q4,Liquid Bulk,INDIA,C,MOTOR SPIRIT,29242,11926,46921,23.04.2024,17:40:00,23.04.2024,18:48:00,25.04.2024,06:36:00,25.04.2024,09:12:00,00:00:00,00:00:00,00:00:00,35:48:00,39:32:00,23.04.2024,17:45:00,39:27:00,23.04.2024,17:45:00,25.04.2024,8:12:00,38:27:00,6715.406,,Apr-24,16.7
8210404nazaj,V3,Containerised,LIBERIA,F,CONTAINER,75579,44706,85517,28.04.2024,00:30:00,28.04.2024,03:00:00,28.04.2024,20:12:00,28.04.2024,23:00:00,00:00:00,00:00:00,00:00:00,17:12:00,22:30:00,28.04.2024,1:27:00,21:33:00,28.04.2024,1:36:00,28.04.2024,22:00:00,20:24:00,11416,1135,Apr-24,
9210404IIV-A,V3,Containerised,LIBERIA,F,CONTAINER,80942,52941,94769,29.04.2024,12:00:00,29.04.2024,19:24:00,30.04.2024,06:06:00,30.04.2024,09:00:00,05:45:00,00:00:00,05:45:00,10:42:00,21:00:00,29.04.2024,16:00:00,17:00:00,29.04.2024,17:45:00,30.04.2024,8:00:00,14:15:00,13249,744,Apr-24,
0310404II-DN,V2,Containerised,LIBERIA,F,CONTAINER,21583,11807,30046,24.04.2024,23:00:00,25.04.2024,00:24:00,25.04.2024,15:45:00,25.04.2024,18:00:00,00:00:00,00:00:00,00:00:00,15:21:00,19:00:00,24.04.2024,23:00:00,19:00:00,24.04.2024,23:10:00,25.04.2024,17:00:00,17:50:00,18830,1152,Apr-24,
1310404AIRDN,V2,Containerised,LIBERIA,C,CONTAINER,21842,9251,28630,27.04.2024,05:55:00,28.04.2024,19:18:00,29.04.2024,11:12:00,29.04.2024,13:30:00,36:47:00,00:00:00,36:47:00,15:54:00,55:35:00,28.04.2024,7:30:00,30:00:00,28.04.2024,18:42:00,29.04.2024,12:30:00,17:48:00,16273,960,Apr-24,
3310404SIDIM,V3,Containerised,LIBERIA,F,CONTAINER,89776,57220,112549,25.04.2024,07:40:00,25.04.2024,09:18:00,26.04.2024,04:28:00,26.04.2024,07:00:00,00:00:00,00:00:00,00:00:00,19:10:00,23:20:00,25.04.2024,7:45:00,23:15:00,25.04.2024,7:45:00,26.04.2024,6:00:00,22:15:00,19687,1334,Apr-24,
4310404IRAVA,V3,Containerised,INDIA,C,CONTAINER,32901,13452,35481,28.04.2024,13:54:00,28.04.2024,23:30:00,29.04.2024,16:48:00,29.04.2024,19:36:00,08:06:00,00:00:00,08:06:00,17:18:00,29:42:00,28.04.2024,22:00:00,21:36:00,28.04.2024,22:00:00,29.04.2024,18:36:00,20:36:00,14350,922,Apr-24,
5310404IABMU,V2,Containerised,INDIA,C,CONTAINER,18602,9382,24374,26.04.2024,10:30:00,27.04.2024,20:12:00,28.04.2024,17:06:00,28.04.2024,19:38:00,32:36:00,00:00:00,32:36:00,20:54:00,57:08:00,27.04.2024,7:30:00,36:08:00,27.04.2024,19:06:00,28.04.2024,18:38:00,23:32:00,23207,1309,Apr-24,
9310404ARAKI,SPM,Liquid Bulk,PANAMA,F,SPM CRUDE OTHERS,81409,51277,158920,25.04.2024,15:30:00,25.04.2024,17:36:00,27.04.2024,05:42:00,27.04.2024,08:30:00,00:00:00,00:00:00,00:00:00,36:06:00,41:00:00,25.04.2024,16:00:00,40:30:00,25.04.2024,16:06:00,27.04.2024,7:30:00,39:24:00,124878.672,,Apr-24,8.9
1410404EGARU,Q4,Liquid Bulk,INDIA,C,DIESEL HIGH SPEED,27829,13084,47791,28.04.2024,05:15:00,28.04.2024,07:54:00,29.04.2024,15:36:00,29.04.2024,18:20:00,00:00:00,00:00:00,00:00:00,33:42:00,37:05:00,28.04.2024,5:54:00,36:26:00,28.04.2024,5:54:00,29.04.2024,17:20:00,35:26:00,8754.538,,Apr-24,9.2
2410404IHKNA,COT,Liquid Bulk,INDIA,C,MOTOR SPIRIT,27627,12769,46345,25.04.2024,12:45:00,25.04.2024,14:24:00,27.04.2024,12:42:00,27.04.2024,14:45:00,00:00:00,00:00:00,00:00:00,46:18:00,50:00:00,25.04.2024,13:00:00,49:45:00,25.04.2024,13:00:00,27.04.2024,13:45:00,48:45:00,29983.714,,Apr-24,9.4
7410404ROOTN,COT,Liquid Bulk,INDIA,C,MOTOR SPIRIT,28552,12369,47141,26.04.2024,13:42:00,27.04.2024,15:00:00,29.04.2024,08:00:00,29.04.2024,10:30:00,24:12:00,00:00:00,24:12:00,41:00:00,68:48:00,27.04.2024,13:54:00,44:36:00,27.04.2024,13:54:00,29.04.2024,9:30:00,43:36:00,39566.352,,Apr-24,14
0010305IANNE,V3,Containerised,INDIA,C,CONTAINER,43679,21391,57813,02.04.2025,05:25:00,02.04.2025,07:18:00,03.04.2025,00:00:00,03.04.2025,02:26:00,00:00:00,00:00:00,00:00:00,21:01:00,,,,,02.04.2025,5:45:00,03.04.2025,1:25:00,19:40:00,25149,1671,Apr-25,
4010305515-I,V3,Containerised,SINGAPORE,F,CONTAINER,47259,20964,57830,05.04.2025,13:25:00,05.04.2025,15:18:00,06.04.2025,05:18:00,06.04.2025,07:34:00,00:00:00,00:00:00,00:00:00,18:09:00,,,,,05.04.2025,13:30:00,06.04.2025,6:30:00,17:00:00,18812,1426,Apr-25,
5010305ANHSI,V2,Containerised,INDIA,F,CONTAINER,27322,12616,34608,03.04.2025,16:00:00,03.04.2025,19:06:00,04.04.2025,03:48:00,04.04.2025,06:04:00,00:00:00,00:00:00,00:00:00,14:04:00,,,,,03.04.2025,17:30:00,04.04.2025,5:00:00,11:30:00,6662,433,Apr-25,
6010305TARAJ,V2,Containerised,INDIA,C,CONTAINER,18602,9382,24365,05.04.2025,14:10:00,05.04.2025,16:48:00,06.04.2025,12:18:00,06.04.2025,14:34:00,00:00:00,00:00:00,00:00:00,24:24:00,,,,,05.04.2025,14:18:00,06.04.2025,13:30:00,23:12:00,13002,888,Apr-25,
4110305MAKKA,NCB,Liquid Bulk,INDIA,C,MOTOR SPIRIT,1119,336,809,22.03.2025,05:00:00,22-03-2025,10:00:00,19.04.2025,17:24:00,19.04.2025,18:50:00,00:00:00,00:00:00,00:00:00,685:50:00,,,,,22.03.2025,9:06:00,19.04.2025,17:48:00,680:42:00,558.51,,Apr-25,43.7
0210305LARGO,V2,Containerised,INDIA,C,CONTAINER,36603,15610,45400,01.04.2025,06:00:00,01.04.2025,08:30:00,02.04.2025,01:24:00,02.04.2025,04:00:00,00:00:00,00:00:00,00:00:00,22:00:00,,,,,01.04.2025,6:42:00,02.04.2025,3:00:00,20:18:00,21058,1595,Apr-25,
5210305NAECO,MULT,Liquid Bulk,VIET NAM,F,LPG,46025,13808,49999,05.04.2025,10:30:00,07.04.2025,04:25:00,09.04.2025,02:18:00,09.04.2025,04:14:00,00:00:00,00:00:00,00:00:00,89:44:00,,,,,07.04.2025,3:00:00,09.04.2025,3:15:00,48:15:00,13996.737,,Apr-25,5.983
7210305ECARB,V3,Containerised,PANAMA,F,CONTAINER,32691,12184,29688,03.04.2025,00:55:00,03.04.2025,02:42:00,03.04.2025,21:00:00,03.04.2025,23:16:00,00:00:00,00:00:00,00:00:00,22:21:00,,,,,03.04.2025,1:30:00,03.04.2025,22:15:00,20:45:00,17628,1403,Apr-25,
1310305DNANA,V3,Containerised,INDIA,C,CONTAINER,20815,9599,28474,04.04.2025,00:36:00,04.04.2025,02:43:00,04.04.2025,15:42:00,04.04.2025,17:58:00,00:00:00,00:00:00,00:00:00,17:22:00,,,,,04.04.2025,1:30:00,04.04.2025,16:55:00,15:25:00,18489,774,Apr-25,
4310305SINNA,SPM,Liquid Bulk,LIBERIA,F,SPM CRUDE MIDDLE EAST,85496,47203,149999,02.04.2025,10:55:00,02.04.2025,13:00:00,03.04.2025,19:54:00,03.04.2025,22:45:00,00:00:00,00:00:00,00:00:00,35:50:00,,,,,02.04.2025,11:00:00,03.04.2025,21:45:00,34:45:00,130547.807,,Apr-25,3.6
6310305NASIK,Q10,Liquid Bulk,LIBERIA,F,PHOSPHORIC ACID,17401,8393,27912,05.04.2025,08:05:00,05.04.2025,10:18:00,06.04.2025,15:24:00,06.04.2025,17:35:00,00:00:00,00:00:00,00:00:00,33:30:00,,,,,05.04.2025,8:12:00,06.04.2025,16:36:00,32:24:00,12594.832,,Apr-25,7.766
9310305ILANA,V2,Containerised,INDIA,C,CONTAINER,35581,19407,44135,04.04.2025,03:50:00,04.04.2025,06:48:00,04.04.2025,20:12:00,04.04.2025,22:53:00,00:00:00,00:00:00,00:00:00,19:03:00,,,,,04.04.2025,5:00:00,04.04.2025,21:55:00,16:55:00,8064,1051,Apr-25,
2410305HAIFF,Q4,Liquid Bulk,SAUDI ARABIA,F,METHANOL,11679,6138,5541,01.04.2025,02:30:00,01.04.2025,09:42:00,03.04.2025,06:48:00,03.04.2025,09:04:00,04:30:00,00:00:00,04:30:00,54:34:00,,,,,01.04.2025,7:00:00,03.04.2025,8:00:00,49:00:00,7618.555,,Apr-25,17.1
5410305MANTA,V3,Containerised,INDIA,C,CONTAINER,18602,9382,24376,04.04.2025,16:11:00,04.04.2025,18:42:00,05.04.2025,12:24:00,05.04.2025,14:20:00,00:00:00,00:00:00,00:00:00,22:09:00,,,,,04.04.2025,17:00:00,05.04.2025,13:20:00,20:20:00,25216,1464,Apr-25,
6410305TARAH,V3,Containerised,INDIA,C,CONTAINER,29383,16583,34769,06.04.2025,16:30:00,06.04.2025,18:18:00,07.04.2025,06:36:00,07.04.2025,08:45:00,00:00:00,00:00:00,00:00:00,16:15:00,,,,,06.04.2025,16:54:00,07.04.2025,7:45:00,14:51:00,20690,1110,Apr-25,
7410305615-I,V3,Containerised,SINGAPORE,F,CONTAINER,47250,20463,57830,09.04.2025,03:00:00,09.04.2025,04:24:00,09.04.2025,17:24:00,09.04.2025,19:35:00,00:00:00,00:00:00,00:00:00,16:35:00,,,,,09.04.2025,3:15:00,09.04.2025,18:35:00,15:20:00,18498,1238,Apr-25,
1510305SSERP,V2,Containerised,INDIA,C,CONTAINER,18233,10564,26207,02.04.2025,21:21:00,02.04.2025,23:24:00,03.04.2025,16:18:00,03.04.2025,18:24:00,00:00:00,00:00:00,00:00:00,21:03:00,,,,,02.04.2025,22:15:00,03.04.2025,17:20:00,19:05:00,19142,1206,Apr-25,
2510305REENO,Q10,Liquid Bulk,MARSHALL ISLANDS,C,SULPHURIC ACID,11761,6056,19993,02.04.2025,17:13:00,02.04.2025,19:20:00,03.04.2025,19:54:00,03.04.2025,21:40:00,00:00:00,00:00:00,00:00:00,28:27:00,,,,,02.04.2025,17:48:00,03.04.2025,20:40:00,26:52:00,11716.01,,Apr-25,11.433
3510305ALAAJ,SPM,Liquid Bulk,INDIA,F,SPM CRUDE MIDDLE EAST,161248,110106,299999,30.03.2025,22:24:00,06.04.2025,08:24:00,08.04.2025,00:06:00,08.04.2025,03:02:00,152:06:00,00:00:00,152:06:00,196:38:00,,,,,06.04.2025,6:30:00,08.04.2025,2:00:00,43:30:00,146595.145,,Apr-25,5.9
6510305II-RE,V2,Containerised,LIBERIA,F,CONTAINER,27828,13386,37548,04.04.2025,22:40:00,05.04.2025,00:01:00,05.04.2025,12:54:00,05.04.2025,15:00:00,00:00:00,00:00:00,00:00:00,16:20:00,,,,,04.04.2025,22:45:00,05.04.2025,14:00:00,15:15:00,9210,879,Apr-25,
9510305MUHB-,V3,Containerised,SINGAPORE,F,CONTAINER,28592,14769,39396,13.04.2025,07:55:00,13.04.2025,09:00:00,13.04.2025,21:30:00,14.04.2025,00:00:00,00:00:00,00:00:00,00:00:00,16:05:00,,,,,13.04.2025,8:00:00,13.04.2025,23:00:00,15:00:00,16711,1305,Apr-25,
1610305NOLYB,COT,Liquid Bulk,INDIA,C,MOTOR SPIRIT,27969,12193,45726,30.03.2025,23:00:00,31.03.2025,00:24:00,02.04.2025,09:42:00,02.04.2025,12:00:00,00:00:00,00:00:00,00:00:00,61:00:00,,,,,30.03.2025,23:12:00,02.04.2025,11:00:00,59:48:00,29937.413,,Apr-25,19.7
2610305IHKNA,COT,Liquid Bulk,INDIA,C,MOTOR SPIRIT,27627,12769,46345,02.04.2025,09:04:00,02.04.2025,11:42:00,03.04.2025,16:48:00,03.04.2025,19:24:00,00:00:00,00:00:00,00:00:00,34:20:00,,,,,02.04.2025,10:00:00,03.04.2025,18:20:00,32:20:00,32773.977,,Apr-25,8.8
3610305EERAN,BTP,Dry Bulk Mechanical,SINGAPORE,C,CEMENT,15198,5541,21136,02.04.2025,10:32:00,02.04.2025,12:55:00,03.04.2025,13:00:00,03.04.2025,15:01:00,00:00:00,00:00:00,00:00:00,28:29:00,,,,,02.04.2025,11:05:00,03.04.2025,14:00:00,26:55:00,10919.025,,Apr-25,6.417
4610305ALAHT,NCB,Liquid Bulk,INDIA,C,DIESEL HIGH SPEED,498,149,267,31.03.2025,14:30:00,31.03.2025,15:50:00,01.04.2025,14:35:00,01.04.2025,16:16:00,00:00:00,00:00:00,00:00:00,25:46:00,,,,,31.03.2025,15:00:00,01.04.2025,15:15:00,24:15:00,115.052,,Apr-25,21.75
5610305RAYYE,V3,Containerised,INDIA,C,CONTAINER,40952,25095,55483,08.04.2025,05:55:00,08.04.2025,08:06:00,08.04.2025,23:00:00,09.04.2025,01:30:00,00:00:00,00:00:00,00:00:00,19:35:00,,,,,08.04.2025,6:30:00,09.04.2025,0:30:00,18:00:00,27705,1691,Apr-25,
7610305NEVOH,V2,Containerised,MARSHALL ISLANDS,F,CONTAINER,29623,11801,37266,09.04.2025,13:30:00,09.04.2025,14:48:00,10.04.2025,03:06:00,10.04.2025,05:32:00,00:00:00,00:00:00,00:00:00,16:02:00,,,,,09.04.2025,13:30:00,10.04.2025,4:30:00,15:00:00,18287,1253,Apr-25,
3000405EGITS,Q4,Liquid Bulk,INDIA,C,OIL FURNACE OIL,5973,3253,10314,01.04.2025,11:00:00,03.04.2025,09:42:00,06.04.2025,06:45:00,06.04.2025,08:41:00,45:00:00,00:00:00,45:00:00,117:41:00,,,,,03.04.2025,8:00:00,06.04.2025,7:40:00,71:40:00,8532.314,,Apr-25,16.35
4000405AYNOK,SPM,Liquid Bulk,PANAMA,F,SPM CRUDE OTHERS,84491,53269,163750,16.04.2025,05:55:00,16.04.2025,07:48:00,17.04.2025,14:48:00,17.04.2025,18:04:00,00:00:00,00:00:00,00:00:00,36:09:00,,,,,16.04.2025,6:30:00,17.04.2025,17:00:00,34:30:00,132806.312,,Apr-25,4.1
6000405KOL-G,SPM,Liquid Bulk,INDIA,F,SPM CRUDE MIDDLE EAST,81770,53774,158280,03.04.2025,11:00:00,04.04.2025,07:54:00,04.04.2025,23:42:00,05.04.2025,02:45:00,19:20:00,00:00:00,19:20:00,39:45:00,,,,,04.04.2025,6:20:00,05.04.2025,1:45:00,19:25:00,50009.479,,Apr-25,3.9
8000405SLEVR,Q4,Liquid Bulk,INDIA,C,DIESEL HIGH SPEED,27969,12193,45761,04.04.2025,20:36:00,06.04.2025,09:24:00,07.04.2025,17:24:00,07.04.2025,19:50:00,35:06:00,00:00:00,35:06:00,71:14:00,,,,,06.04.2025,7:42:00,07.04.2025,18:50:00,35:08:00,10938.497,,Apr-25,7.6
0100405PIHSD,SPM,Liquid Bulk,MARSHALL ISLANDS,F,SPM CRUDE OTHERS,81722,52054,158885,14.04.2025,11:30:00,14.04.2025,13:36:00,16.04.2025,00:18:00,16.04.2025,03:30:00,00:00:00,00:00:00,00:00:00,40:00:00,,,,,14.04.2025,12:00:00,16.04.2025,2:30:00,38:30:00,139186.091,,Apr-25,4
1100405AHSKA,Q6,Dry Bulk Mechanical,INDIA,C,CEMENT,17688,7271,26500,01.04.2025,08:00:00,02.04.2025,16:18:00,12.04.2025,17:18:00,12.04.2025,19:44:00,30:42:00,00:00:00,30:42:00,275:44:00,,,,,02.04.2025,14:42:00,12.04.2025,18:45:00,244:03:00,25600.012,,Apr-25,18.4
2100405DROCN,SPM,Liquid Bulk,INDIA,F,SPM CRUDE MIDDLE EAST,81076,52045,159152,08.04.2025,06:50:00,08.04.2025,08:54:00,09.04.2025,16:42:00,09.04.2025,19:33:00,00:00:00,00:00:00,00:00:00,36:43:00,,,,,08.04.2025,7:30:00,09.04.2025,18:30:00,35:00:00,137363.101,,Apr-25,4.1
3100405IREVA,V2,Containerised,INDIA,F,CONTAINER,27104,11856,33704,12.04.2025,06:12:00,12.04.2025,18:42:00,13.04.2025,10:36:00,13.04.2025,12:47:00,10:30:00,00:00:00,10:30:00,30:35:00,,,,,12.04.2025,16:42:00,13.04.2025,11:45:00,19:03:00,13584,848,Apr-25,
4100405GNOK-,Q4,Liquid Bulk,HONG KONG,F,METHANOL,13753,7006,22171,06.04.2025,13:06:00,07.04.2025,20:36:00,08.04.2025,14:36:00,08.04.2025,17:32:00,30:00:00,00:00:00,30:00:00,52:26:00,,,,,07.04.2025,19:06:00,08.04.2025,16:30:00,21:24:00,2899.22,,Apr-25,7.2
5100405SSERP,V2,Containerised,INDIA,C,CONTAINER,18233,10564,26207,11.04.2025,02:00:00,11.04.2025,03:30:00,12.04.2025,06:24:00,12.04.2025,08:45:00,00:00:00,00:00:00,00:00:00,30:45:00,,,,,11.04.2025,2:18:00,12.04.2025,7:45:00,29:27:00,30463,1772,Apr-25,
9100405EERAN,BTP,Dry Bulk Mechanical,SINGAPORE,C,CEMENT,15198,5541,21150,07.04.2025,08:40:00,09.04.2025,07:36:00,11.04.2025,01:00:00,11.04.2025,03:01:00,45:20:00,00:00:00,45:20:00,90:21:00,,,,,09.04.2025,6:00:00,11.04.2025,2:00:00,44:00:00,19800.022,,Apr-25,9.9
1200405ADARA,V3,Containerised,INDIA,C,CONTAINER,40952,25095,55461,11.04.2025,05:00:00,11.04.2025,06:36:00,12.04.2025,02:00:00,12.04.2025,04:11:00,00:00:00,00:00:00,00:00:00,23:11:00,,,,,11.04.2025,5:30:00,12.04.2025,3:10:00,21:40:00,11258,1669,Apr-25,
2200405ECARB,V3,Containerised,PANAMA,F,CONTAINER,32691,12184,29688,14.04.2025,07:50:00,14.04.2025,09:24:00,14.04.2025,21:06:00,14.04.2025,23:02:00,00:00:00,00:00:00,00:00:00,15:12:00,,,,,14.04.2025,8:00:00,14.04.2025,22:00:00,14:00:00,16299,1073,Apr-25,
3200405ILANA,V3,Containerised,INDIA,C,CONTAINER,35581,19407,44135,15.04.2025,05:55:00,15.04.2025,07:18:00,15.04.2025,22:24:00,16.04.2025,00:45:00,00:00:00,00:00:00,00:00:00,18:50:00,,,,,15.04.2025,5:55:00,15.04.2025,23:45:00,17:50:00,24246,1526,Apr-25,
4200405II-RE,V2,Containerised,LIBERIA,F,CONTAINER,27828,13386,37548,12.04.2025,05:42:00,12.04.2025,08:18:00,12.04.2025,15:12:00,12.04.2025,17:38:00,02:08:00,00:00:00,02:08:00,11:56:00,,,,,12.04.2025,7:50:00,12.04.2025,16:36:00,8:46:00,4200,462,Apr-25,
5200405SDIHC,BTP,Liquid Bulk,INDIA,C,OIL FURNACE OIL,8542,4117,13127,07.04.2025,06:45:00,07.04.2025,09:00:00,08.04.2025,20:36:00,08.04.2025,23:00:00,00:00:00,00:00:00,00:00:00,40:15:00,,,,,07.04.2025,7:50:00,08.04.2025,22:00:00,38:10:00,6515.637,,Apr-25,11.7
6200405SWOLL,COT,Liquid Bulk,INDIA,C,DIESEL HIGH SPEED,28098,11645,45887,08.04.2025,02:55:00,08.04.2025,04:42:00,09.04.2025,12:12:00,09.04.2025,14:33:00,00:00:00,00:00:00,00:00:00,35:38:00,,,,,08.04.2025,3:00:00,09.04.2025,13:30:00,34:30:00,36974.773,,Apr-25,7.6
8200405AYIRP,Q4,Liquid Bulk,INDIA,C,AVIATION TURBO FUEL,30131,13701,49999,08.04.2025,16:12:00,08.04.2025,18:16:00,10.04.2025,06:42:00,10.04.2025,09:18:00,00:00:00,00:00:00,00:00:00,41:06:00,,,,,08.04.2025,17:00:00,10.04.2025,8:15:00,39:15:00,3499.158,,Apr-25,15.833
9200405IABMU,V3,Containerised,INDIA,C,CONTAINER,18602,9382,24374,11.04.2025,19:30:00,12.04.2025,05:06:00,13.04.2025,06:54:00,13.04.2025,08:50:00,07:45:00,00:00:00,07:45:00,37:20:00,,,,,12.04.2025,3:15:00,13.04.2025,7:50:00,28:35:00,32104,1734,Apr-25,
0300405TENNO,COT,Liquid Bulk,INDIA,C,MOTOR SPIRIT,56854,22758,99999,08.04.2025,15:36:00,09.04.2025,20:00:00,12.04.2025,02:54:00,12.04.2025,05:30:00,27:00:00,00:00:00,27:00:00,85:54:00,,,,,09.04.2025,18:36:00,12.04.2025,4:30:00,57:54:00,78420.462,,Apr-25,8.4
4300405ALAHT,NCB,Liquid Bulk,INDIA,C,DIESEL HIGH SPEED,498,149,267,09.04.2025,11:10:00,09.04.2025,16:12:00,09.04.2025,21:12:00,09.04.2025,23:03:00,04:35:00,00:00:00,04:35:00,11:53:00,,,,,09.04.2025,15:45:00,09.04.2025,22:00:00,6:15:00,115.043,,Apr-25,3.5
5300405ROOTN,COT,Liquid Bulk,INDIA,C,DIESEL HIGH SPEED,28552,12369,47141,13.04.2025,11:40:00,13.04.2025,13:12:00,15.04.2025,14:42:00,15.04.2025,17:13:00,00:00:00,00:00:00,00:00:00,53:33:00,,,,,13.04.2025,11:48:00,15.04.2025,16:15:00,52:27:00,40032.547,,Apr-25,7.7
6300405DNANA,V2,Containerised,INDIA,C,CONTAINER,20815,9599,28474,16.04.2025,16:27:00,16.04.2025,19:06:00,17.04.2025,04:50:00,17.04.2025,06:46:00,00:00:00,00:00:00,00:00:00,14:19:00,,,,,16.04.2025,17:45:00,17.04.2025,5:48:00,12:03:00,15578,969,Apr-25,
8300405II-RE,V3,Containerised,LIBERIA,F,CONTAINER,27828,13386,37548,24.04.2025,20:45:00,24.04.2025,22:30:00,25.04.2025,12:00:00,25.04.2025,14:31:00,00:00:00,00:00:00,00:00:00,17:46:00,,,,,24.04.2025,21:00:00,25.04.2025,13:30:00,16:30:00,6929,714,Apr-25,
9300405215-I,V2,Containerised,SINGAPORE,F,CONTAINER,47259,20964,57830,22.04.2025,09:00:00,22.04.2025,20:00:00,23.04.2025,12:06:00,23.04.2025,15:02:00,09:30:00,00:00:00,09:30:00,30:02:00,,,,,22.04.2025,18:30:00,23.04.2025,14:00:00,19:30:00,16348,1161,Apr-25,
0400405DNANA,V2,Containerised,INDIA,C,CONTAINER,20815,9599,28474,25.04.2025,08:00:00,25.04.2025,09:46:00,25.04.2025,22:10:00,26.04.2025,00:15:00,00:00:00,00:00:00,00:00:00,16:15:00,,,,,25.04.2025,8:28:00,25.04.2025,23:15:00,14:47:00,24662,1116,Apr-25,
1400405LARGO,V3,Containerised,INDIA,C,CONTAINER,36603,15610,45400,18.04.2025,01:00:00,18.04.2025,04:07:00,18.04.2025,18:00:00,18.04.2025,20:41:00,01:40:00,00:00:00,01:40:00,19:41:00,,,,,18.04.2025,2:40:00,18.04.2025,19:40:00,17:00:00,11209,1217,Apr-25,
3400405TARAH,V2,Containerised,INDIA,C,CONTAINER,29383,16583,34769,21.04.2025,07:50:00,21.04.2025,09:30:00,22.04.2025,10:36:00,22.04.2025,13:32:00,00:00:00,00:00:00,00:00:00,29:42:00,,,,,21.04.2025,8:00:00,22.04.2025,12:30:00,28:30:00,20687,1347,Apr-25,
5400405IANNE,V3,Containerised,INDIA,C,CONTAINER,43679,21391,57813,16.04.2025,23:00:00,17.04.2025,00:45:00,18.04.2025,01:30:00,18.04.2025,03:31:00,00:00:00,00:00:00,00:00:00,28:31:00,,,,,16.04.2025,23:12:00,18.04.2025,2:30:00,27:18:00,33660,2262,Apr-25,
84004053-ASL,V2,Containerised,LIBERIA,F,CONTAINER,16799,8672,22994,17.04.2025,06:30:00,17.04.2025,08:04:00,17.04.2025,15:44:00,17.04.2025,17:45:00,00:00:00,00:00:00,00:00:00,11:15:00,,,,,17.04.2025,6:45:00,17.04.2025,16:45:00,10:00:00,3691,327,Apr-25,
9400405ALOZI,SPM,Liquid Bulk,BARBADOS,F,SPM CRUDE OTHERS,79574,47769,149995,17.04.2025,22:36:00,27.04.2025,17:30:00,29.04.2025,12:18:00,29.04.2025,14:59:00,233:12:00,00:00:00,233:12:00,280:23:00,,,,,27.04.2025,15:48:00,29.04.2025,14:00:00,46:12:00,129630.532,,Apr-25,8.2
2500405IVED-,MULT,Liquid Bulk,INDIA,F,LPG,46506,16040,53503,17.04.2025,16:45:00,17.04.2025,17:54:00,19.04.2025,20:18:00,19.04.2025,23:04:00,00:00:00,00:00:00,00:00:00,54:19:00,,,,,17.04.2025,16:48:00,19.04.2025,22:00:00,53:12:00,13853.594,,Apr-25,7.9
3500405REENO,Q4,Liquid Bulk,KOREA,F,ETHYLINE DICHLORIDE,8294,3696,12421,14.04.2025,18:40:00,14.04.2025,20:15:00,15.04.2025,17:00:00,15.04.2025,19:36:00,00:00:00,00:00:00,00:00:00,24:56:00,,,,,14.04.2025,18:55:00,15.04.2025,18:36:00,23:41:00,5001.738,,Apr-25,7.75
5500405NEVOH,V3,Containerised,MARSHALL ISLANDS,F,CONTAINER,29623,11801,37266,20.04.2025,11:30:00,20.04.2025,13:00:00,21.04.2025,03:18:00,21.04.2025,05:44:00,00:00:00,00:00:00,00:00:00,18:14:00,,,,,20.04.2025,12:00:00,21.04.2025,4:40:00,16:40:00,15312,1164,Apr-25,
6500405MANTA,V2,Containerised,INDIA,C,CONTAINER,18602,9382,24376,18.04.2025,15:54:00,18.04.2025,17:12:00,19.04.2025,12:12:00,19.04.2025,14:43:00,00:00:00,00:00:00,00:00:00,22:49:00,,,,,18.04.2025,16:00:00,19.04.2025,13:40:00,21:40:00,27266,1674,Apr-25,
7500405ANHSI,V3,Containerised,INDIA,F,CONTAINER,27322,12616,34608,26.04.2025,15:30:00,26.04.2025,16:48:00,27.04.2025,08:06:00,27.04.2025,10:32:00,00:00:00,00:00:00,00:00:00,19:02:00,,,,,26.04.2025,15:48:00,27.04.2025,9:30:00,17:42:00,10125,662,Apr-25,
0600405ENERE,COT,Liquid Bulk,INDIA,F,MOTOR SPIRIT,28048,11613,45861,11.04.2025,07:40:00,11.04.2025,10:06:00,13.04.2025,11:24:00,13.04.2025,13:45:00,00:00:00,00:00:00,00:00:00,54:05:00,,,,,11.04.2025,8:30:00,13.04.2025,12:45:00,52:15:00,36825.876,,Apr-25,15.2
7600405ADARA,V3,Containerised,INDIA,C,CONTAINER,40952,25095,55461,22.04.2025,06:43:00,22.04.2025,08:54:00,23.04.2025,02:30:00,23.04.2025,05:21:00,00:00:00,00:00:00,00:00:00,22:38:00,,,,,22.04.2025,7:15:00,23.04.2025,4:20:00,21:05:00,34558,1918,Apr-25,
9600405II-RE,V2,Containerised,LIBERIA,F,CONTAINER,27828,13386,37548,17.04.2025,20:55:00,17.04.2025,22:42:00,18.04.2025,06:48:00,18.04.2025,09:24:00,00:00:00,00:00:00,00:00:00,12:29:00,,,,,17.04.2025,21:30:00,18.04.2025,8:20:00,10:50:00,3752,461,Apr-25,
1700405NOITA,V3,Containerised,HONG KONG,F,CONTAINER,54437,23872,66818,23.04.2025,09:55:00,23.04.2025,11:36:00,23.04.2025,20:48:00,23.04.2025,23:00:00,00:00:00,00:00:00,00:00:00,13:05:00,,,,,23.04.2025,10:00:00,23.04.2025,22:00:00,12:00:00,11084,776,Apr-25,
2700405MUHB-,V2,Containerised,SINGAPORE,F,CONTAINER,28592,14769,39396,24.04.2025,17:48:00,24.04.2025,19:54:00,25.04.2025,07:24:00,25.04.2025,09:20:00,00:00:00,00:00:00,00:00:00,15:32:00,,,,,24.04.2025,18:30:00,25.04.2025,8:20:00,13:50:00,16426,1059,Apr-25,
3700405ALAHT,NCB,Liquid Bulk,INDIA,C,DIESEL HIGH SPEED,498,149,267,16.04.2025,13:45:00,16.04.2025,15:18:00,16.04.2025,21:06:00,16.04.2025,23:02:00,00:00:00,00:00:00,00:00:00,09:17:00,,,,,16.04.2025,14:30:00,16.04.2025,22:00:00,7:30:00,115.2,,Apr-25,4.533
5700405EERAN,BTP,Dry Bulk Mechanical,SINGAPORE,C,CEMENT,15198,5541,21136,17.04.2025,18:18:00,19.04.2025,11:15:00,21.04.2025,06:36:00,21.04.2025,08:47:00,39:27:00,00:00:00,39:27:00,86:29:00,,,,,19.04.2025,9:45:00,21.04.2025,7:45:00,46:00:00,17950.023,,Apr-25,12.35
6700405SLEVR,Q4,Liquid Bulk,INDIA,C,DIESEL HIGH SPEED,27969,12193,45761,18.04.2025,17:48:00,19.04.2025,07:42:00,20.04.2025,06:54:00,20.04.2025,09:15:00,12:07:00,00:00:00,12:07:00,39:27:00,,,,,19.04.2025,5:55:00,20.04.2025,8:15:00,26:20:00,6072.164,,Apr-25,12.4
7700405IHKNA,COT,Liquid Bulk,INDIA,C,DIESEL HIGH SPEED,27627,12769,46345,17.04.2025,22:00:00,18.04.2025,00:12:00,19.04.2025,19:30:00,19.04.2025,20:30:00,00:00:00,00:00:00,00:00:00,46:30:00,,,,,17.04.2025,22:30:00,19.04.2025,19:30:00,45:00:00,39989.382,,Apr-25,9
9700405SSERP,V2,Containerised,INDIA,C,CONTAINER,18233,10564,26207,20.04.2025,07:30:00,20.04.2025,09:24:00,20.04.2025,22:30:00,20.04.2025,23:46:00,00:00:00,00:00:00,00:00:00,16:16:00,,,,,20.04.2025,7:42:00,20.04.2025,22:48:00,15:06:00,17512,895,Apr-25,
1800405ECARB,V2,Containerised,PANAMA,F,CONTAINER,32691,12184,29688,23.04.2025,17:00:00,23.04.2025,19:36:00,24.04.2025,05:12:00,24.04.2025,07:33:00,00:00:00,00:00:00,00:00:00,14:33:00,,,,,23.04.2025,18:00:00,24.04.2025,6:30:00,12:30:00,9323,763,Apr-25,
5800405SAG-E,SCB,Liquid Bulk,PANAMA,F,LIQUID AMMONIA,22977,6893,26618,21.04.2025,11:20:00,21.04.2025,13:06:00,22.04.2025,11:24:00,22.04.2025,14:00:00,00:00:00,00:00:00,00:00:00,26:40:00,,,,,21.04.2025,11:30:00,22.04.2025,13:00:00,25:30:00,8000.04,,Apr-25,8.3
6800405NOBRU,Q4,Liquid Bulk,INDIA,C,MOTOR SPIRIT,29242,11926,46921,18.04.2025,18:18:00,20.04.2025,10:48:00,21.04.2025,14:54:00,21.04.2025,17:25:00,38:06:00,00:00:00,38:06:00,71:07:00,,,,,20.04.2025,8:24:00,21.04.2025,16:25:00,32:01:00,6783.961,,Apr-25,7.5
7800405IABMU,V2,Containerised,INDIA,C,CONTAINER,18602,9382,24374,25.04.2025,23:00:00,26.04.2025,00:18:00,27.04.2025,03:42:00,27.04.2025,06:33:00,00:00:00,00:00:00,00:00:00,31:33:00,,,,,25.04.2025,23:18:00,27.04.2025,5:30:00,30:12:00,30018,1824,Apr-25,
19004053-ASL,V3,Containerised,LIBERIA,F,CONTAINER,16799,8672,22994,23.04.2025,17:45:00,23.04.2025,22:56:00,24.04.2025,07:08:00,24.04.2025,09:19:00,04:19:00,00:00:00,04:19:00,15:34:00,,,,,23.04.2025,22:04:00,24.04.2025,8:18:00,10:14:00,3124,322,Apr-25,
2900405YCNEG,BTP,Liquid Bulk,INDIA,C,OIL FURNACE OIL,27969,12193,45770,18.04.2025,21:06:00,21.04.2025,08:30:00,22.04.2025,15:12:00,22.04.2025,17:43:00,57:48:00,00:00:00,57:48:00,92:37:00,,,,,21.04.2025,6:54:00,22.04.2025,16:40:00,33:46:00,9971.546,,Apr-25,12.7
3900405UF-IA,SPM,Liquid Bulk,PANAMA,F,SPM CRUDE OTHERS,62845,34739,104999,16.04.2025,16:00:00,17.04.2025,17:30:00,18.04.2025,22:48:00,19.04.2025,01:40:00,24:00:00,00:00:00,24:00:00,57:40:00,,,,,17.04.2025,16:00:00,19.04.2025,0:40:00,32:40:00,99776.589,,Apr-25,5.1
4900405EROPA,SPM,Liquid Bulk,LIBERIA,F,SPM CRUDE MIDDLE EAST,159911,103892,299999,19.04.2025,07:54:00,20.04.2025,08:00:00,22.04.2025,19:54:00,22.04.2025,22:30:00,22:36:00,00:00:00,22:36:00,86:36:00,,,,,20.04.2025,6:30:00,22.04.2025,21:30:00,63:00:00,266908.969,,Apr-25,9.2
6900405ALEEL,COT,Liquid Bulk,INDIA,C,DIESEL HIGH SPEED,29289,11932,41741,18.04.2025,05:00:00,19.04.2025,23:54:00,21.04.2025,18:06:00,21.04.2025,20:32:00,41:30:00,00:00:00,41:30:00,87:32:00,,,,,19.04.2025,22:30:00,21.04.2025,19:30:00,45:00:00,39979.289,,Apr-25,8.5
8900405RAYYE,V3,Containerised,INDIA,C,CONTAINER,40952,25095,55483,25.04.2025,18:00:00,25.04.2025,19:24:00,26.04.2025,14:42:00,26.04.2025,16:43:00,00:00:00,00:00:00,00:00:00,22:43:00,,,,,25.04.2025,18:15:00,26.04.2025,15:45:00,21:30:00,10581,1837,Apr-25,
9900405EGITS,Q4,Liquid Bulk,INDIA,C,OIL FURNACE OIL,5973,3253,10314,19.04.2025,22:00:00,21.04.2025,17:12:00,24.04.2025,10:00:00,24.04.2025,12:26:00,41:30:00,00:00:00,41:30:00,110:26:00,,,,,21.04.2025,15:30:00,24.04.2025,11:24:00,67:54:00,8484.592,,Apr-25,12.2
2010405SUIRI,LNG,Liquid Bulk,LIBERIA,F,LIQUIFIED NATURAL GAS,115728,34718,87968,23.04.2025,05:10:00,23.04.2025,07:12:00,24.04.2025,08:54:00,24.04.2025,11:20:00,00:00:00,00:00:00,00:00:00,30:10:00,,,,,23.04.2025,5:30:00,24.04.2025,10:20:00,28:50:00,61191,,Apr-25,9.2
6010405HSALA,BTP,Liquid Bulk,INDIA,C,DIESEL HIGH SPEED,29878,12970,47878,21.04.2025,19:24:00,22.04.2025,18:06:00,23.04.2025,14:54:00,23.04.2025,17:00:00,21:18:00,00:00:00,21:18:00,45:36:00,,,,,22.04.2025,16:42:00,23.04.2025,16:00:00,23:18:00,4534.029,,Apr-25,7.4
1110405DNAN-,Q10,Liquid Bulk,SINGAPORE,C,SULPHURIC ACID,12099,6436,15513,23.04.2025,08:00:00,23.04.2025,10:54:00,24.04.2025,12:48:00,24.04.2025,15:04:00,00:00:00,00:00:00,00:00:00,31:04:00,,,,,23.04.2025,9:30:00,24.04.2025,14:00:00,28:30:00,12598.147,,Apr-25,7.3
2110405THCAR,Q7,Break Bulk,NETHERLANDS,F,EXPLOSIVES,8620,4317,12067,25.04.2025,09:45:00,26.04.2025,08:02:00,26.04.2025,17:26:00,26.04.2025,19:37:00,00:00:00,00:00:00,00:00:00,33:52:00,,,,,26.04.2025,6:30:00,26.04.2025,18:36:00,12:06:00,16.8,,Apr-25,9.216
9110405SDIHC,NTB,Liquid Bulk,INDIA,C,OIL FURNACE OIL,8542,4117,13127,23.04.2025,07:06:00,23.04.2025,17:18:00,26.04.2025,15:30:00,26.04.2025,17:31:00,09:00:00,00:00:00,09:00:00,82:25:00,,,,,23.04.2025,16:06:00,26.04.2025,16:30:00,72:24:00,11992.563,,Apr-25,24
32104053-ASL,V2,Containerised,LIBERIA,F,CONTAINER,16799,8672,22994,29.04.2025,16:30:00,29.04.2025,18:30:00,30.04.2025,02:36:00,30.04.2025,04:32:00,00:00:00,00:00:00,00:00:00,12:02:00,,,,,29.04.2025,16:45:00,30.04.2025,3:30:00,10:45:00,6021,412,Apr-25,
5210405TOIRT,Q4,Liquid Bulk,INDIA,C,AVIATION TURBO FUEL,28099,11613,46001,23.04.2025,16:24:00,24.04.2025,11:42:00,26.04.2025,08:54:00,26.04.2025,11:15:00,18:00:00,00:00:00,18:00:00,66:51:00,,,,,24.04.2025,10:24:00,26.04.2025,10:15:00,47:51:00,3514.26,,Apr-25,23.4
4310405XETRO,SPM,Liquid Bulk,COMOROS,F,SPM CRUDE OTHERS,62877,34739,114880,24.04.2025,22:30:00,26.04.2025,11:36:00,27.04.2025,15:24:00,27.04.2025,18:30:00,35:30:00,00:00:00,35:30:00,68:00:00,,,,,26.04.2025,10:00:00,27.04.2025,17:30:00,31:30:00,100048.005,,Apr-25,4.4
5310405HCRIB,MULT,Liquid Bulk,INDIA,F,LPG,47386,17305,58124,25.04.2025,23:30:00,27.04.2025,01:06:00,28.04.2025,22:48:00,29.04.2025,00:50:00,00:00:00,00:00:00,00:00:00,73:20:00,,,,,26.04.2025,23:54:00,28.04.2025,23:50:00,47:56:00,13896.893,,Apr-25,9.9
0410405MAKKA,NCB,Liquid Bulk,INDIA,C,MOTOR SPIRIT,1119,336,809,24.04.2025,10:10:00,24.04.2025,12:06:00,29.04.2025,21:30:00,29.04.2025,23:36:00,00:00:00,00:00:00,00:00:00,133:26:00,,,,,24.04.2025,10:45:00,29.04.2025,22:35:00,131:50:00,565.351,,Apr-25,18.9
4410405M-NEL,Q4,Liquid Bulk,PANAMA,C,DIESEL HIGH SPEED,28245,12822,46843,24.04.2025,17:00:00,26.04.2025,11:54:00,27.04.2025,18:00:00,27.04.2025,20:01:00,41:24:00,00:00:00,41:24:00,75:01:00,,,,,26.04.2025,10:24:00,27.04.2025,19:00:00,32:36:00,6022.028,,Apr-25,7.4
6410405SWOLL,COT,Liquid Bulk,INDIA,C,MOTOR SPIRIT,28098,11645,45887,27.04.2025,21:25:00,27.04.2025,22:36:00,29.04.2025,20:18:00,29.04.2025,22:29:00,00:00:00,00:00:00,00:00:00,49:04:00,,,,,27.04.2025,21:30:00,29.04.2025,21:30:00,48:00:00,29693.178,,Apr-25,8.7
1010405ASSIA,Q4,Liquid Bulk,COOK ISLANDS,F,METHANOL,27526,14021,47343,25.04.2025,22:50:00,28.04.2025,07:30:00,30.04.2025,07:00:00,30.04.2025,09:30:00,55:05:00,00:00:00,55:05:00,106:40:00,,,,,28.04.2025,5:55:00,30.04.2025,8:30:00,50:35:00,8000.057,,Apr-25,3.833
9010405LARGO,V3,Containerised,INDIA,C,CONTAINER,36603,15610,45400,29.04.2025,15:30:00,29.04.2025,17:12:00,30.04.2025,17:48:00,30.04.2025,20:00:00,00:00:00,00:00:00,00:00:00,28:30:00,,,,,29.04.2025,15:48:00,30.04.2025,19:00:00,27:12:00,29375,2099,Apr-25,
0110405315-I,V2,Containerised,SINGAPORE,F,CONTAINER,46854,20469,57830,29.04.2025,22:30:00,30.04.2025,04:54:00,30.04.2025,20:24:00,30.04.2025,23:00:00,05:00:00,00:00:00,05:00:00,24:30:00,,,,,30.04.2025,3:30:00,30.04.2025,22:00:00,18:30:00,14980,1090,Apr-25,
